[{"model": "models.user", "pk": 1, "fields": {"username": "A", "password": "pbkdf2_sha256$120000$81RzDTQPg0eH$L2Awqa+QVE8AhZEmHB2WagaCeg4lw6r21yF5XuSzU1k=", "first_name": "A", "last_name": "A", "phone_number": "1112223333", "profile_url": "http:www.google.com"}}, {"model": "models.user", "pk": 2, "fields": {"username": "B", "password": "pbkdf2_sha256$120000$5U28hXUqIVcF$xAP02vaPp9ZQGEdwKElBe/idv+nGd216aS3PP7QtQeU=", "first_name": "B", "last_name": "B", "phone_number": "1112223333", "profile_url": "http:www.google.com"}}, {"model": "models.user", "pk": 3, "fields": {"username": "C", "password": "pbkdf2_sha256$120000$tsuyP16PpM9K$o1ClQ5fdh3+AWE1ILMXGiVooJE52YylMutalNahLpIo=", "first_name": "C", "last_name": "C", "phone_number": "1112223333", "profile_url": "http:www.google.com"}}, {"model": "models.user", "pk": 4, "fields": {"username": "D", "password": "pbkdf2_sha256$120000$5vqql44BRvNU$yj1FLqOD5SfUF/EoHqqPA9gOxiypLjcEQGMogP76yPE=", "first_name": "D", "last_name": "D", "phone_number": "1112223333", "profile_url": "http:www.google.com"}}, {"model": "models.user", "pk": 5, "fields": {"username": "E", "password": "pbkdf2_sha256$120000$zewgmIUCgKPN$VQiXxqAPqx6hXGWQf8JEKdLlKkSvndBtk60T7VFovMM=", "first_name": "E", "last_name": "E", "phone_number": "1112223333", "profile_url": "http:www.google.com"}}, {"model": "models.user", "pk": 6, "fields": {"username": "F", "password": "pbkdf2_sha256$120000$iO1cew55O82O$+1kklUgbTZvNccusEXGmnTq19YmNQkuVqRWpgsoxHPY=", "first_name": "F", "last_name": "F", "phone_number": "1112223333", "profile_url": "http:www.google.com"}}, {"model": "models.user", "pk": 7, "fields": {"username": "G", "password": "pbkdf2_sha256$120000$kEJ9vZEx8jy3$lyYoBA48+Nnnd+3Y2AwxZT7NiIRwgYVdsvWx4j0hCP0=", "first_name": "G", "last_name": "G", "phone_number": "1112223333", "profile_url": "http:www.google.com"}}, {"model": "models.user", "pk": 8, "fields": {"username": "AB", "password": "pbkdf2_sha256$120000$Su6nArQHNdbl$TdLj7PY366aWW38DIlI012RPO+RZUdcJRkZX+TjwQSc=", "first_name": "AB", "last_name": "AB", "phone_number": "5712422059", "profile_url": "http://www.google.com"}}, {"model": "models.user", "pk": 9, "fields": {"username": "Z", "password": "pbkdf2_sha256$120000$FVL9OlEHFtzO$X7+ROQShjJzuVn7QUWmZcm30lCRfFKgMbnDsStB41jc=", "first_name": "Z", "last_name": "Z", "phone_number": "5712422059", "profile_url": "http://www.google.com"}}, {"model": "models.user", "pk": 10, "fields": {"username": "AC", "password": "pbkdf2_sha256$120000$ZK8GDlrZetsE$D1l8QsM5hQryJYRif9WqOlhGXPvMFhiJOjbY1KKZ5gA=", "first_name": "AC", "last_name": "AC", "phone_number": "AC", "profile_url": "http://www.google.com"}}, {"model": "models.user", "pk": 11, "fields": {"username": "AD", "password": "pbkdf2_sha256$120000$1ICvZvdjucvq$kKj6wbYHbx+IHPYtNVesc8osjiWv1ssymTMhxl4zHlk=", "first_name": "AD", "last_name": "AD", "phone_number": "AD", "profile_url": "http://www.google.com"}}, {"model": "models.user", "pk": 12, "fields": {"username": "Apples", "password": "pbkdf2_sha256$120000$6oKgrrNbsdYa$wGELx769ZagKGjheOS0NnNIgZHHVmUja+iVCESyNiEk=", "first_name": "Pablo", "last_name": "Ramos", "phone_number": "5712422059", "profile_url": "http://www.google.com"}}, {"model": "models.user", "pk": 13, "fields": {"username": "Apples1", "password": "pbkdf2_sha256$120000$dEAklQuKngxh$kdyH2GkqlbxdvdyEwdlyZYq9H7WlP7yOMZSRqyvYd1A=", "first_name": "Apples1", "last_name": "Apples1", "phone_number": "5712422059", "profile_url": "http://www.google.com"}}, {"model": "models.user", "pk": 14, "fields": {"username": "AB", "password": "pbkdf2_sha256$120000$tZ9BLiadjV6O$v2OghuyEe33Wh8ULE5Xn2c/gkZ4qVZ3UmvVILzBO7ko=", "first_name": "AB", "last_name": "AB", "phone_number": "5712422059", "profile_url": "http://www.google.com"}}, {"model": "models.user", "pk": 15, "fields": {"username": "ABA", "password": "pbkdf2_sha256$120000$ZDJsSJeOYJdE$d5RO3VsiUMoLytxfbhBOXZhnuQwVEV3xy1yr5njMNpc=", "first_name": "ABA", "last_name": "ABA", "phone_number": "5712422059", "profile_url": "http://www.google.com"}}, {"model": "models.user", "pk": 16, "fields": {"username": "ZX", "password": "pbkdf2_sha256$120000$zjNLIIjwlAc2$vtf5K9x8m30MaIjc53Q9me2tm9CYXWWIPgNy+OABfAc=", "first_name": "ZX", "last_name": "ZX", "phone_number": "5712422059", "profile_url": "http://www.google.com"}}, {"model": "models.user", "pk": 17, "fields": {"username": "ZX", "password": "pbkdf2_sha256$120000$Yht2wo1zN2lf$p7l3njP7kCwHHKb+OaZ23c7vQhkujtgIs7GRjfl1lgU=", "first_name": "ZX", "last_name": "ZX", "phone_number": "5712422059", "profile_url": "http://www.google.com"}}, {"model": "models.user", "pk": 18, "fields": {"username": "ZXA", "password": "pbkdf2_sha256$120000$SkVMEq1Tw1dG$h7Z2paKFb+WT6HMA9GNB81RBzIopXyn2bKdgfXSgo6U=", "first_name": "ZX", "last_name": "ZX", "phone_number": "5712422059", "profile_url": "http://www.google.com"}}, {"model": "models.user", "pk": 19, "fields": {"username": "ZXA", "password": "pbkdf2_sha256$120000$PWDlWOZgGk4H$R/eJtddM78goTJB8ow5tYa1sgYbKfbSOQojs2fagShI=", "first_name": "ZX", "last_name": "ZX", "phone_number": "5712422059", "profile_url": "http://www.google.com"}}, {"model": "models.user", "pk": 20, "fields": {"username": "ZXAAAA", "password": "pbkdf2_sha256$120000$Leo5AX9snj8f$ZwQ4dy9v1umqJIJHSZxK6VPmASae1zy+tKf5BVBakpQ=", "first_name": "ZX", "last_name": "ZX", "phone_number": "5712422059", "profile_url": "http://www.google.com"}}, {"model": "models.user", "pk": 21, "fields": {"username": "ZXAAAA", "password": "pbkdf2_sha256$120000$o83rCz58pr65$dryfRgOr+SmiUrHqRjMIbpsk3vVrZbuow6GS4ZGrtt0=", "first_name": "ZX", "last_name": "ZX", "phone_number": "5712422059", "profile_url": "http://www.google.com"}}, {"model": "models.user", "pk": 22, "fields": {"username": "ZXAAAA", "password": "pbkdf2_sha256$120000$4A4AfXH1wIdd$KGEjvldxht1g9CVnbv3ShRHqiNMAYYh4RYl5kUbOVJw=", "first_name": "ZX", "last_name": "ZX", "phone_number": "5712422059", "profile_url": "http://www.google.com"}}, {"model": "models.user", "pk": 23, "fields": {"username": "WORK", "password": "pbkdf2_sha256$120000$HJ97NZAGXqRG$jO6fPV/3BxtyY5MssZYhc4eWPAP86jLOkaQ0shPE4s0=", "first_name": "WORK", "last_name": "WORK", "phone_number": "WORK", "profile_url": "http://www.google.com"}}, {"model": "models.vehicle", "pk": 1, "fields": {"license_plate": "1", "model": "CAR", "color": "BLACK", "driver": 1}}, {"model": "models.vehicle", "pk": 2, "fields": {"license_plate": "5", "model": "CAR", "color": "BLACK", "driver": 5}}, {"model": "models.ride", "pk": 1, "fields": {"vehicle": 1, "destination": "C", "start": "B", "depart_time": "2008/11/14/01", "seats_offered": 3, "price": 10, "passengers": []}}, {"model": "models.ride", "pk": 2, "fields": {"vehicle": 1, "destination": "C", "start": "A", "depart_time": "2008/11/14/01", "seats_offered": 4, "price": 15, "passengers": []}}, {"model": "models.ride", "pk": 3, "fields": {"vehicle": 1, "destination": "A", "start": "B", "depart_time": "2008/11/14/13", "seats_offered": 1, "price": 10, "passengers": []}}, {"model": "models.ride", "pk": 4, "fields": {"vehicle": 1, "destination": "A", "start": "B", "depart_time": "2008/11/14/13", "seats_offered": 1, "price": 10, "passengers": []}}, {"model": "models.ride", "pk": 5, "fields": {"vehicle": 1, "destination": "A", "start": "B", "depart_time": "2008/11/14/13", "seats_offered": 1, "price": 10, "passengers": []}}, {"model": "models.ride", "pk": 6, "fields": {"vehicle": 1, "destination": "A", "start": "B", "depart_time": "2008/11/14/13", "seats_offered": 1, "price": 10, "passengers": []}}, {"model": "models.ride", "pk": 7, "fields": {"vehicle": 1, "destination": "A", "start": "B", "depart_time": "2008/11/14/13", "seats_offered": 1, "price": 10, "passengers": []}}, {"model": "models.ride", "pk": 8, "fields": {"vehicle": 1, "destination": "A", "start": "B", "depart_time": "2008/11/14/13", "seats_offered": 1, "price": 10, "passengers": []}}, {"model": "models.ride", "pk": 9, "fields": {"vehicle": 1, "destination": "A", "start": "B", "depart_time": "2008/11/14/13", "seats_offered": 1, "price": 10, "passengers": []}}, {"model": "models.ride", "pk": 10, "fields": {"vehicle": 1, "destination": "AA", "start": "BB", "depart_time": "2008/11/14/13", "seats_offered": 1, "price": 10, "passengers": []}}, {"model": "models.ride", "pk": 11, "fields": {"vehicle": 1, "destination": "AA", "start": "BB", "depart_time": "2008/11/14/13", "seats_offered": 1, "price": 10, "passengers": []}}, {"model": "models.ride", "pk": 12, "fields": {"vehicle": 1, "destination": "Z", "start": "Z", "depart_time": "2008/11/14/13", "seats_offered": 1, "price": 10, "passengers": []}}, {"model": "models.ride", "pk": 13, "fields": {"vehicle": 1, "destination": "NY", "start": "CVILLE", "depart_time": "10-10-2012", "seats_offered": 3, "price": 110, "passengers": []}}, {"model": "models.ride", "pk": 14, "fields": {"vehicle": 1, "destination": "NY", "start": "CVILLE", "depart_time": "2002/11/14/12", "seats_offered": 3, "price": 10, "passengers": []}}, {"model": "models.authenticator", "pk": 1, "fields": {"user": 1, "authenticator": "a06eb213bf1a256a9f22348e405ee4442a9c325f2e5023c24876271589badc93", "date_created": "2020-03-26"}}, {"model": "models.authenticator", "pk": 2, "fields": {"user": 2, "authenticator": "3011bbf95288d47afc62e223254189827e25858d92daaadc9c44ff5e1a603635", "date_created": "2020-03-26"}}, {"model": "models.authenticator", "pk": 3, "fields": {"user": 3, "authenticator": "d3947662e001524e70911543f6abbf3285f99a8469f5813b513b36b21f9791ca", "date_created": "2020-03-26"}}, {"model": "models.authenticator", "pk": 4, "fields": {"user": 4, "authenticator": "23ae5617d9a206d4df549bcd9d062f52c4117757c0e79f5274cb744ea803f2b2", "date_created": "2020-03-26"}}, {"model": "models.authenticator", "pk": 5, "fields": {"user": 5, "authenticator": "03001e8bff49d84d52691b0b55c82a458b1b0494a17bd71a17230f5fe52371e7", "date_created": "2020-03-26"}}, {"model": "models.authenticator", "pk": 6, "fields": {"user": 6, "authenticator": "6fabf9a388d51ea6f4934795cb83378c3e731134b556ad4509041cb8f3be9a38", "date_created": "2020-03-26"}}, {"model": "models.authenticator", "pk": 7, "fields": {"user": 7, "authenticator": "27b11c49d09c5f44a9dc3ff6f733975f36912cd86a7ed5424239e7564cafad41", "date_created": "2020-03-26"}}, {"model": "models.authenticator", "pk": 8, "fields": {"user": 11, "authenticator": "946638a8608e9be4dd438410c465e66b23f830b7613b90068d75e950db02ff05", "date_created": "2020-04-03"}}, {"model": "models.authenticator", "pk": 9, "fields": {"user": 12, "authenticator": "5631efbf5ed7126371216a63c052e1cdd4ee2a33ce5b31d6002bf61e7e609036", "date_created": "2020-04-03"}}, {"model": "models.authenticator", "pk": 10, "fields": {"user": 13, "authenticator": "740c94ae151364f66355ffbc6b8143569a68abce5ac2b987d3b4228971cb43d4", "date_created": "2020-04-03"}}, {"model": "models.authenticator", "pk": 11, "fields": {"user": 16, "authenticator": "28fa86c1e5c4c7d70ce3ff251e628ffd06b102148302684d1a002c51174bb785", "date_created": "2020-04-03"}}, {"model": "models.authenticator", "pk": 12, "fields": {"user": 17, "authenticator": "330355a8005de3cfcc77318376fdb112e5e96827b522703540b4cebf549c01b3", "date_created": "2020-04-03"}}, {"model": "models.authenticator", "pk": 13, "fields": {"user": 18, "authenticator": "1596fba18f047eea11f2adeb197ad5b2837b4a8758332f5e1d7bb839e1b4c6f6", "date_created": "2020-04-03"}}, {"model": "models.authenticator", "pk": 14, "fields": {"user": 19, "authenticator": "ba63cc608d34dbc1e6758a938c512d9ecaaec54db40352b748353b7206ff20af", "date_created": "2020-04-03"}}, {"model": "models.authenticator", "pk": 15, "fields": {"user": 20, "authenticator": "dc994065f2bcbf7d54abe0f249714b1a3f5d92063956f077d5dddb73b70057e9", "date_created": "2020-04-03"}}, {"model": "models.authenticator", "pk": 16, "fields": {"user": 21, "authenticator": "1d4c74252f5c8ae1fd8dfb9cb08565ecf866f23a1af1ddf83cbec51710756aad", "date_created": "2020-04-03"}}, {"model": "models.authenticator", "pk": 17, "fields": {"user": 22, "authenticator": "54429603b5b7cf2b8a2e7ef5121795de5c89b7317a959e940a9eb6abd2afd30e", "date_created": "2020-04-03"}}, {"model": "models.authenticator", "pk": 18, "fields": {"user": 23, "authenticator": "5ae3697ba95efd04edee32e336532df00ff75aaff4d2b126e0c00d4ef3bafd3b", "date_created": "2020-04-03"}}, {"model": "contenttypes.contenttype", "pk": 1, "fields": {"app_label": "models", "model": "user"}}, {"model": "contenttypes.contenttype", "pk": 2, "fields": {"app_label": "models", "model": "vehicle"}}, {"model": "contenttypes.contenttype", "pk": 3, "fields": {"app_label": "models", "model": "ride"}}, {"model": "contenttypes.contenttype", "pk": 4, "fields": {"app_label": "models", "model": "authenticator"}}, {"model": "contenttypes.contenttype", "pk": 5, "fields": {"app_label": "admin", "model": "logentry"}}, {"model": "contenttypes.contenttype", "pk": 6, "fields": {"app_label": "auth", "model": "permission"}}, {"model": "contenttypes.contenttype", "pk": 7, "fields": {"app_label": "auth", "model": "group"}}, {"model": "contenttypes.contenttype", "pk": 8, "fields": {"app_label": "auth", "model": "user"}}, {"model": "contenttypes.contenttype", "pk": 9, "fields": {"app_label": "contenttypes", "model": "contenttype"}}, {"model": "contenttypes.contenttype", "pk": 10, "fields": {"app_label": "sessions", "model": "session"}}, {"model": "auth.permission", "pk": 1, "fields": {"name": "Can add user", "content_type": 1, "codename": "add_user"}}, {"model": "auth.permission", "pk": 2, "fields": {"name": "Can change user", "content_type": 1, "codename": "change_user"}}, {"model": "auth.permission", "pk": 3, "fields": {"name": "Can delete user", "content_type": 1, "codename": "delete_user"}}, {"model": "auth.permission", "pk": 4, "fields": {"name": "Can view user", "content_type": 1, "codename": "view_user"}}, {"model": "auth.permission", "pk": 5, "fields": {"name": "Can add vehicle", "content_type": 2, "codename": "add_vehicle"}}, {"model": "auth.permission", "pk": 6, "fields": {"name": "Can change vehicle", "content_type": 2, "codename": "change_vehicle"}}, {"model": "auth.permission", "pk": 7, "fields": {"name": "Can delete vehicle", "content_type": 2, "codename": "delete_vehicle"}}, {"model": "auth.permission", "pk": 8, "fields": {"name": "Can view vehicle", "content_type": 2, "codename": "view_vehicle"}}, {"model": "auth.permission", "pk": 9, "fields": {"name": "Can add ride", "content_type": 3, "codename": "add_ride"}}, {"model": "auth.permission", "pk": 10, "fields": {"name": "Can change ride", "content_type": 3, "codename": "change_ride"}}, {"model": "auth.permission", "pk": 11, "fields": {"name": "Can delete ride", "content_type": 3, "codename": "delete_ride"}}, {"model": "auth.permission", "pk": 12, "fields": {"name": "Can view ride", "content_type": 3, "codename": "view_ride"}}, {"model": "auth.permission", "pk": 13, "fields": {"name": "Can add authenticator", "content_type": 4, "codename": "add_authenticator"}}, {"model": "auth.permission", "pk": 14, "fields": {"name": "Can change authenticator", "content_type": 4, "codename": "change_authenticator"}}, {"model": "auth.permission", "pk": 15, "fields": {"name": "Can delete authenticator", "content_type": 4, "codename": "delete_authenticator"}}, {"model": "auth.permission", "pk": 16, "fields": {"name": "Can view authenticator", "content_type": 4, "codename": "view_authenticator"}}, {"model": "auth.permission", "pk": 17, "fields": {"name": "Can add log entry", "content_type": 5, "codename": "add_logentry"}}, {"model": "auth.permission", "pk": 18, "fields": {"name": "Can change log entry", "content_type": 5, "codename": "change_logentry"}}, {"model": "auth.permission", "pk": 19, "fields": {"name": "Can delete log entry", "content_type": 5, "codename": "delete_logentry"}}, {"model": "auth.permission", "pk": 20, "fields": {"name": "Can view log entry", "content_type": 5, "codename": "view_logentry"}}, {"model": "auth.permission", "pk": 21, "fields": {"name": "Can add permission", "content_type": 6, "codename": "add_permission"}}, {"model": "auth.permission", "pk": 22, "fields": {"name": "Can change permission", "content_type": 6, "codename": "change_permission"}}, {"model": "auth.permission", "pk": 23, "fields": {"name": "Can delete permission", "content_type": 6, "codename": "delete_permission"}}, {"model": "auth.permission", "pk": 24, "fields": {"name": "Can view permission", "content_type": 6, "codename": "view_permission"}}, {"model": "auth.permission", "pk": 25, "fields": {"name": "Can add group", "content_type": 7, "codename": "add_group"}}, {"model": "auth.permission", "pk": 26, "fields": {"name": "Can change group", "content_type": 7, "codename": "change_group"}}, {"model": "auth.permission", "pk": 27, "fields": {"name": "Can delete group", "content_type": 7, "codename": "delete_group"}}, {"model": "auth.permission", "pk": 28, "fields": {"name": "Can view group", "content_type": 7, "codename": "view_group"}}, {"model": "auth.permission", "pk": 29, "fields": {"name": "Can add user", "content_type": 8, "codename": "add_user"}}, {"model": "auth.permission", "pk": 30, "fields": {"name": "Can change user", "content_type": 8, "codename": "change_user"}}, {"model": "auth.permission", "pk": 31, "fields": {"name": "Can delete user", "content_type": 8, "codename": "delete_user"}}, {"model": "auth.permission", "pk": 32, "fields": {"name": "Can view user", "content_type": 8, "codename": "view_user"}}, {"model": "auth.permission", "pk": 33, "fields": {"name": "Can add content type", "content_type": 9, "codename": "add_contenttype"}}, {"model": "auth.permission", "pk": 34, "fields": {"name": "Can change content type", "content_type": 9, "codename": "change_contenttype"}}, {"model": "auth.permission", "pk": 35, "fields": {"name": "Can delete content type", "content_type": 9, "codename": "delete_contenttype"}}, {"model": "auth.permission", "pk": 36, "fields": {"name": "Can view content type", "content_type": 9, "codename": "view_contenttype"}}, {"model": "auth.permission", "pk": 37, "fields": {"name": "Can add session", "content_type": 10, "codename": "add_session"}}, {"model": "auth.permission", "pk": 38, "fields": {"name": "Can change session", "content_type": 10, "codename": "change_session"}}, {"model": "auth.permission", "pk": 39, "fields": {"name": "Can delete session", "content_type": 10, "codename": "delete_session"}}, {"model": "auth.permission", "pk": 40, "fields": {"name": "Can view session", "content_type": 10, "codename": "view_session"}}]